Hashtag,Frequency
#food,18
#tasty,14
#foodoftheday,11
#dilsefoodie,10
#cook,9
#cooking,9
#eat,9
#foodblog,9
#foodblogger,9
#foodbloggers,9
#foodcoma,9
#foodforfoodies,9
#foodforthought,9
#foodgasm,9
#foodies,9
#foodiesofinstagram,9
#foodism,9
#foodlove,9
#foodlover,9
#foodlovers,9
#foodnetwork,9
#foodofinstagram,9
#foodphoto,9
#foodpic,9
#foodpics,9
#foodpost,9
#foods,9
#foodstyling,9
#restaurant,9
#yum,9
#dessert,8
#recipe,4
#Stirred,3
#funny,3
#foodie,3
#cheese,3
#cheesy,3
#recipevideo,3
@sanjyotkeer,2
#chai,2
#veg,2
@agraholidayinn,2
#agra,2
#streetfood,2
#relatable,2
#whatiwore,2
#delhi,2
#photooftheday,2
#exploredelhi,2
@yflhome,1
#yflhome,1
#yourfoodlab,1
#sanjyotkeer,1
#handmadeinindia,1
#madeinindia,1
#ecofriendlygifts,1
#festivalgifts,1
#giftsformom,1
#festivalvibes,1
#brasskitchen,1
#sustainabledesign,1
#kitchenwares,1
#brassware,1
#indianhomes,1
#masala,1
#masalabox,1
#box,1
#masalaboxes,1
#brassmasalabox,1
@officialjiocinema,1
#JioCinemaFilmFest,1
#JioCinema,1
@a_kshaypatil,1
@manastakle,1
@fokuscreations,1
@shree.koli97,1
@hemant_photograph,1
@dilpreetghai,1
@nishamydeo,1
@mane_durva,1
@suraj_panse,1
@pranu4488,1
@raghav_mallya_17,1
@ainvayi_amish,1
#iccworldcup2023,1
#indvspak,1
#ThumsUpBiryaniHunt,1
#ThumsUpToofaniBiryaniHunt,1
#ToofaniBiryaniCombo,1
#GetToofani,1
#PaidPartnership,1
#lovers,1
#dilsecouple,1
#chaap,1
#malaichaap,1
#navratra,1
#dryfruits,1
#thukraldihatti,1
#family,1
#birthday,1
#celebration,1
#staycation,1
#tajmahal,1
#breakfast,1
#foodfood,1
@agraeaters,1
#cholekulche,1
#rajasthani,1
#thali,1
@kapoorschaatbhandaar,1
@shreekcmessarpitkapoor,1
#idli,1
#sambar,1
#bangalore,1
#lunch,1
@chambalgin,1
#GrazingPlatters,1
#DelhiNCR,1
#Indulgence,1
#PartyPlatters,1
#PartyPlanning,1
#BaileysDesserts,1
#DelhiNCRDelights,1
#Desserts,1
#SweetCraving,1
#FestiveTreat,1
#TopItWithUpBaileys,1
#IndulgeInBaileys,1
#GourmetDesserts,1
#BaileysInDelhiNCR,1
#DessertHeaven,1
#BaileysSweets,1
#DessertMagic,1
#BaileysDelightfulTreats,1
#TanquerayMalacca,1
#TanquerayRangpur,1
#ginexplorersclub,1
#NewInTown,1
#BombayEats,1
#BandraBorn,1
#DiningAtBombay,1
#NavratriThalis,1
#FestiveFeast,1
#NavratriFood,1
#TraditionalCuisine,1
#BlessingsAndFlavors,1
#GoaDiaries,1
#GoaUnveiled,1
#GoaWithAnjali,1
#UnlockTheExperience,1
#Navratri,1
#Navratri2023,1
#Foodoftheday,1
#Tasty,1
#Fast,1
#Photooftheday,1
#Sabudana,1
#Fasting,1
#weddingseason,1
#weddings,1
#relatablememes,1
#ootd,1
#ethnic,1
#black,1
#blacksuit,1
#CelebrityRecipes,1
#cheesynachos,1
#janhvikapoor,1
#kiaraadvani,1
#bollywood,1
#healthy,1
#preworkoutmeal,1
#foodspread,1
#weekend,1
#momos,1
#weekendvibes,1
#funnyreels,1
#indiavspakistan,1
#cricketworldcup,1
#indiavspak,1
#worldcup2023,1
#cricket,1
#meme,1
#fun,1
#explore,1
#delhifoodblogger,1
#pasta,1
#whitesauce,1
#noida,1
#explorenoida,1
#alfredopasta,1
#ViralRecipes,1
#viral,1
#hack,1
#trending,1
#chaivideo,1
#viralrecipes,1
@insp_rahulsingh,1
#200K,1
#InstaFam,1
#Grateful,1
#Blessed,1
#Proud,1
#Celebrations,1
